--
-- PostgreSQL database dump
--

-- Dumped from database version 12.17 (Ubuntu 12.17-1.pgdg22.04+1)
-- Dumped by pg_dump version 12.17 (Ubuntu 12.17-1.pgdg22.04+1)

SET statement_timeout = 0;
SET lock_timeout = 0;
SET idle_in_transaction_session_timeout = 0;
SET client_encoding = 'UTF8';
SET standard_conforming_strings = on;
SELECT pg_catalog.set_config('search_path', '', false);
SET check_function_bodies = false;
SET xmloption = content;
SET client_min_messages = warning;
SET row_security = off;

DROP DATABASE universe;
--
-- Name: universe; Type: DATABASE; Schema: -; Owner: freecodecamp
--

CREATE DATABASE universe WITH TEMPLATE = template0 ENCODING = 'UTF8' LC_COLLATE = 'C.UTF-8' LC_CTYPE = 'C.UTF-8';


ALTER DATABASE universe OWNER TO freecodecamp;

\connect universe

SET statement_timeout = 0;
SET lock_timeout = 0;
SET idle_in_transaction_session_timeout = 0;
SET client_encoding = 'UTF8';
SET standard_conforming_strings = on;
SELECT pg_catalog.set_config('search_path', '', false);
SET check_function_bodies = false;
SET xmloption = content;
SET client_min_messages = warning;
SET row_security = off;

SET default_tablespace = '';

SET default_table_access_method = heap;

--
-- Name: asteroid; Type: TABLE; Schema: public; Owner: freecodecamp
--

CREATE TABLE public.asteroid (
    asteroid_id integer NOT NULL,
    name character varying(255) NOT NULL,
    composition text NOT NULL,
    diameter numeric NOT NULL,
    orbit_distance numeric,
    hazardous boolean NOT NULL
);


ALTER TABLE public.asteroid OWNER TO freecodecamp;

--
-- Name: asteroid_asteroid_id_seq; Type: SEQUENCE; Schema: public; Owner: freecodecamp
--

CREATE SEQUENCE public.asteroid_asteroid_id_seq
    AS integer
    START WITH 1
    INCREMENT BY 1
    NO MINVALUE
    NO MAXVALUE
    CACHE 1;


ALTER TABLE public.asteroid_asteroid_id_seq OWNER TO freecodecamp;

--
-- Name: asteroid_asteroid_id_seq; Type: SEQUENCE OWNED BY; Schema: public; Owner: freecodecamp
--

ALTER SEQUENCE public.asteroid_asteroid_id_seq OWNED BY public.asteroid.asteroid_id;


--
-- Name: galaxy; Type: TABLE; Schema: public; Owner: freecodecamp
--

CREATE TABLE public.galaxy (
    galaxy_id integer NOT NULL,
    name character varying(60) NOT NULL,
    type text NOT NULL,
    diameter integer,
    num_stars integer,
    has_life boolean NOT NULL
);


ALTER TABLE public.galaxy OWNER TO freecodecamp;

--
-- Name: galaxy_galaxy_id_seq; Type: SEQUENCE; Schema: public; Owner: freecodecamp
--

CREATE SEQUENCE public.galaxy_galaxy_id_seq
    AS integer
    START WITH 1
    INCREMENT BY 1
    NO MINVALUE
    NO MAXVALUE
    CACHE 1;


ALTER TABLE public.galaxy_galaxy_id_seq OWNER TO freecodecamp;

--
-- Name: galaxy_galaxy_id_seq; Type: SEQUENCE OWNED BY; Schema: public; Owner: freecodecamp
--

ALTER SEQUENCE public.galaxy_galaxy_id_seq OWNED BY public.galaxy.galaxy_id;


--
-- Name: moon; Type: TABLE; Schema: public; Owner: freecodecamp
--

CREATE TABLE public.moon (
    moon_id integer NOT NULL,
    name character varying(60) NOT NULL,
    planet_id integer,
    diameter numeric,
    has_atmosphere boolean NOT NULL,
    is_geologically_active boolean NOT NULL
);


ALTER TABLE public.moon OWNER TO freecodecamp;

--
-- Name: moon_moon_id_seq; Type: SEQUENCE; Schema: public; Owner: freecodecamp
--

CREATE SEQUENCE public.moon_moon_id_seq
    AS integer
    START WITH 1
    INCREMENT BY 1
    NO MINVALUE
    NO MAXVALUE
    CACHE 1;


ALTER TABLE public.moon_moon_id_seq OWNER TO freecodecamp;

--
-- Name: moon_moon_id_seq; Type: SEQUENCE OWNED BY; Schema: public; Owner: freecodecamp
--

ALTER SEQUENCE public.moon_moon_id_seq OWNED BY public.moon.moon_id;


--
-- Name: planet; Type: TABLE; Schema: public; Owner: freecodecamp
--

CREATE TABLE public.planet (
    planet_id integer NOT NULL,
    name character varying(60) NOT NULL,
    star_id integer,
    distance_from_star numeric NOT NULL,
    num_moons integer,
    has_life boolean NOT NULL
);


ALTER TABLE public.planet OWNER TO freecodecamp;

--
-- Name: planet_planet_id_seq; Type: SEQUENCE; Schema: public; Owner: freecodecamp
--

CREATE SEQUENCE public.planet_planet_id_seq
    AS integer
    START WITH 1
    INCREMENT BY 1
    NO MINVALUE
    NO MAXVALUE
    CACHE 1;


ALTER TABLE public.planet_planet_id_seq OWNER TO freecodecamp;

--
-- Name: planet_planet_id_seq; Type: SEQUENCE OWNED BY; Schema: public; Owner: freecodecamp
--

ALTER SEQUENCE public.planet_planet_id_seq OWNED BY public.planet.planet_id;


--
-- Name: star; Type: TABLE; Schema: public; Owner: freecodecamp
--

CREATE TABLE public.star (
    star_id integer NOT NULL,
    name character varying(60) NOT NULL,
    galaxy_id integer,
    mass numeric NOT NULL,
    temperature integer,
    has_planets boolean NOT NULL
);


ALTER TABLE public.star OWNER TO freecodecamp;

--
-- Name: star_star_id_seq; Type: SEQUENCE; Schema: public; Owner: freecodecamp
--

CREATE SEQUENCE public.star_star_id_seq
    AS integer
    START WITH 1
    INCREMENT BY 1
    NO MINVALUE
    NO MAXVALUE
    CACHE 1;


ALTER TABLE public.star_star_id_seq OWNER TO freecodecamp;

--
-- Name: star_star_id_seq; Type: SEQUENCE OWNED BY; Schema: public; Owner: freecodecamp
--

ALTER SEQUENCE public.star_star_id_seq OWNED BY public.star.star_id;


--
-- Name: asteroid asteroid_id; Type: DEFAULT; Schema: public; Owner: freecodecamp
--

ALTER TABLE ONLY public.asteroid ALTER COLUMN asteroid_id SET DEFAULT nextval('public.asteroid_asteroid_id_seq'::regclass);


--
-- Name: galaxy galaxy_id; Type: DEFAULT; Schema: public; Owner: freecodecamp
--

ALTER TABLE ONLY public.galaxy ALTER COLUMN galaxy_id SET DEFAULT nextval('public.galaxy_galaxy_id_seq'::regclass);


--
-- Name: moon moon_id; Type: DEFAULT; Schema: public; Owner: freecodecamp
--

ALTER TABLE ONLY public.moon ALTER COLUMN moon_id SET DEFAULT nextval('public.moon_moon_id_seq'::regclass);


--
-- Name: planet planet_id; Type: DEFAULT; Schema: public; Owner: freecodecamp
--

ALTER TABLE ONLY public.planet ALTER COLUMN planet_id SET DEFAULT nextval('public.planet_planet_id_seq'::regclass);


--
-- Name: star star_id; Type: DEFAULT; Schema: public; Owner: freecodecamp
--

ALTER TABLE ONLY public.star ALTER COLUMN star_id SET DEFAULT nextval('public.star_star_id_seq'::regclass);


--
-- Data for Name: asteroid; Type: TABLE DATA; Schema: public; Owner: freecodecamp
--

INSERT INTO public.asteroid VALUES (1, 'Ceres', 'Carbonaceous', 940, 2.77, false);
INSERT INTO public.asteroid VALUES (2, 'Pallas', 'Silicaceous', 512, 2.77, false);
INSERT INTO public.asteroid VALUES (3, 'Vesta', 'Basaltic', 525, 2.36, false);


--
-- Data for Name: galaxy; Type: TABLE DATA; Schema: public; Owner: freecodecamp
--

INSERT INTO public.galaxy VALUES (1, 'Milky Way', 'Spiral', 100000, 250000, true);
INSERT INTO public.galaxy VALUES (2, 'Andromeda', 'Spiral', 220000, 1000000, true);
INSERT INTO public.galaxy VALUES (3, 'Triangulum', 'Spiral', 60000, 4000, false);
INSERT INTO public.galaxy VALUES (4, 'Whirlpool', 'Spiral', 76000, 3000000, false);
INSERT INTO public.galaxy VALUES (5, 'Sombrero', 'Elliptical', 50000, 80000000, true);
INSERT INTO public.galaxy VALUES (6, 'Large Magellanic Cloud', 'Irregular', 14000, 300000, true);


--
-- Data for Name: moon; Type: TABLE DATA; Schema: public; Owner: freecodecamp
--

INSERT INTO public.moon VALUES (1, 'Moon', 3, 3474.2, false, true);
INSERT INTO public.moon VALUES (2, 'Phobos', 4, 22.4, false, false);
INSERT INTO public.moon VALUES (3, 'Deimos', 4, 12.4, false, false);
INSERT INTO public.moon VALUES (4, 'Io', 5, 3643.2, true, true);
INSERT INTO public.moon VALUES (5, 'Europa', 5, 3121.6, true, true);
INSERT INTO public.moon VALUES (6, 'Ganymede', 5, 5268.2, true, true);
INSERT INTO public.moon VALUES (7, 'Callisto', 5, 4820.6, true, false);
INSERT INTO public.moon VALUES (8, 'Titan', 6, 5149.5, true, true);
INSERT INTO public.moon VALUES (9, 'Enceladus', 6, 504.2, true, true);
INSERT INTO public.moon VALUES (10, 'Mimas', 6, 396.4, false, false);
INSERT INTO public.moon VALUES (11, 'Miranda', 7, 471.6, false, false);
INSERT INTO public.moon VALUES (12, 'Ariel', 7, 1157.8, true, false);
INSERT INTO public.moon VALUES (13, 'Triton', 8, 2706.8, true, true);
INSERT INTO public.moon VALUES (14, 'Nereid', 8, 340.0, false, false);
INSERT INTO public.moon VALUES (15, 'Proxima b I', 9, 1500, false, false);
INSERT INTO public.moon VALUES (16, 'Vega I-A', 11, 2200, true, true);
INSERT INTO public.moon VALUES (17, 'Vega I-B', 11, 1000, false, false);
INSERT INTO public.moon VALUES (18, 'Vega II-A', 12, 1800, true, false);
INSERT INTO public.moon VALUES (19, 'Vega II-B', 12, 1400, true, true);
INSERT INTO public.moon VALUES (20, 'Vega II-C', 12, 900, false, false);


--
-- Data for Name: planet; Type: TABLE DATA; Schema: public; Owner: freecodecamp
--

INSERT INTO public.planet VALUES (1, 'Mercury', 1, 0.39, 0, false);
INSERT INTO public.planet VALUES (2, 'Venus', 1, 0.72, 0, false);
INSERT INTO public.planet VALUES (3, 'Earth', 1, 1.0, 1, true);
INSERT INTO public.planet VALUES (4, 'Mars', 1, 1.52, 2, false);
INSERT INTO public.planet VALUES (5, 'Jupiter', 1, 5.2, 79, false);
INSERT INTO public.planet VALUES (6, 'Saturn', 1, 9.58, 83, false);
INSERT INTO public.planet VALUES (7, 'Uranus', 1, 19.22, 27, false);
INSERT INTO public.planet VALUES (8, 'Neptune', 1, 30.05, 14, false);
INSERT INTO public.planet VALUES (9, 'Proxima B', 2, 0.05, 0, true);
INSERT INTO public.planet VALUES (10, 'Proxima C', 2, 1.5, 0, true);
INSERT INTO public.planet VALUES (11, 'Vega I', 5, 0.7, 3, false);
INSERT INTO public.planet VALUES (12, 'Vega II', 5, 1.5, 1, true);


--
-- Data for Name: star; Type: TABLE DATA; Schema: public; Owner: freecodecamp
--

INSERT INTO public.star VALUES (1, 'Sun', 1, 1.0, 5778, true);
INSERT INTO public.star VALUES (2, 'Proxima Centauri', 1, 0.12, 3042, true);
INSERT INTO public.star VALUES (3, 'Betelgeuse', 1, 11.6, 3500, false);
INSERT INTO public.star VALUES (4, 'Rigel', 4, 17.5, 11000, true);
INSERT INTO public.star VALUES (5, 'Vega', 4, 2.1, 9602, true);
INSERT INTO public.star VALUES (6, 'Aldebaran', 2, 1.7, 3910, false);


--
-- Name: asteroid_asteroid_id_seq; Type: SEQUENCE SET; Schema: public; Owner: freecodecamp
--

SELECT pg_catalog.setval('public.asteroid_asteroid_id_seq', 3, true);


--
-- Name: galaxy_galaxy_id_seq; Type: SEQUENCE SET; Schema: public; Owner: freecodecamp
--

SELECT pg_catalog.setval('public.galaxy_galaxy_id_seq', 6, true);


--
-- Name: moon_moon_id_seq; Type: SEQUENCE SET; Schema: public; Owner: freecodecamp
--

SELECT pg_catalog.setval('public.moon_moon_id_seq', 20, true);


--
-- Name: planet_planet_id_seq; Type: SEQUENCE SET; Schema: public; Owner: freecodecamp
--

SELECT pg_catalog.setval('public.planet_planet_id_seq', 12, true);


--
-- Name: star_star_id_seq; Type: SEQUENCE SET; Schema: public; Owner: freecodecamp
--

SELECT pg_catalog.setval('public.star_star_id_seq', 6, true);


--
-- Name: asteroid asteroid_name_key; Type: CONSTRAINT; Schema: public; Owner: freecodecamp
--

ALTER TABLE ONLY public.asteroid
    ADD CONSTRAINT asteroid_name_key UNIQUE (name);


--
-- Name: asteroid asteroid_pkey; Type: CONSTRAINT; Schema: public; Owner: freecodecamp
--

ALTER TABLE ONLY public.asteroid
    ADD CONSTRAINT asteroid_pkey PRIMARY KEY (asteroid_id);


--
-- Name: galaxy galaxy_name_key; Type: CONSTRAINT; Schema: public; Owner: freecodecamp
--

ALTER TABLE ONLY public.galaxy
    ADD CONSTRAINT galaxy_name_key UNIQUE (name);


--
-- Name: galaxy galaxy_pkey; Type: CONSTRAINT; Schema: public; Owner: freecodecamp
--

ALTER TABLE ONLY public.galaxy
    ADD CONSTRAINT galaxy_pkey PRIMARY KEY (galaxy_id);


--
-- Name: moon moon_name_key; Type: CONSTRAINT; Schema: public; Owner: freecodecamp
--

ALTER TABLE ONLY public.moon
    ADD CONSTRAINT moon_name_key UNIQUE (name);


--
-- Name: moon moon_pkey; Type: CONSTRAINT; Schema: public; Owner: freecodecamp
--

ALTER TABLE ONLY public.moon
    ADD CONSTRAINT moon_pkey PRIMARY KEY (moon_id);


--
-- Name: planet planet_name_key; Type: CONSTRAINT; Schema: public; Owner: freecodecamp
--

ALTER TABLE ONLY public.planet
    ADD CONSTRAINT planet_name_key UNIQUE (name);


--
-- Name: planet planet_pkey; Type: CONSTRAINT; Schema: public; Owner: freecodecamp
--

ALTER TABLE ONLY public.planet
    ADD CONSTRAINT planet_pkey PRIMARY KEY (planet_id);


--
-- Name: star star_name_key; Type: CONSTRAINT; Schema: public; Owner: freecodecamp
--

ALTER TABLE ONLY public.star
    ADD CONSTRAINT star_name_key UNIQUE (name);


--
-- Name: star star_pkey; Type: CONSTRAINT; Schema: public; Owner: freecodecamp
--

ALTER TABLE ONLY public.star
    ADD CONSTRAINT star_pkey PRIMARY KEY (star_id);


--
-- Name: moon moon_planet_id_fkey; Type: FK CONSTRAINT; Schema: public; Owner: freecodecamp
--

ALTER TABLE ONLY public.moon
    ADD CONSTRAINT moon_planet_id_fkey FOREIGN KEY (planet_id) REFERENCES public.planet(planet_id);


--
-- Name: planet planet_star_id_fkey; Type: FK CONSTRAINT; Schema: public; Owner: freecodecamp
--

ALTER TABLE ONLY public.planet
    ADD CONSTRAINT planet_star_id_fkey FOREIGN KEY (star_id) REFERENCES public.star(star_id);


--
-- Name: star star_galaxy_id_fkey; Type: FK CONSTRAINT; Schema: public; Owner: freecodecamp
--

ALTER TABLE ONLY public.star
    ADD CONSTRAINT star_galaxy_id_fkey FOREIGN KEY (galaxy_id) REFERENCES public.galaxy(galaxy_id);


--
-- PostgreSQL database dump complete
--

